{
  
    
      "32 South":
      [50.93606,-1.39594],
    
      "32 Back":
      [50.93641,-1.39574],
    
      "85 Latte's":
      [50.9364,-1.39561],
    
      "85 Reception":
      [50.93616,-1.39505],
    
      "32 North":
      [50.9368,-1.39607],
    
      "67 Reception":
      [50.93674,-1.39648],
    
      "6 Interchange":
      [50.93613,-1.39745],
    
      "6 Obelisk":
      [50.93596,-1.39755],
    
      "4 Obelisk":
      [50.93581,-1.39778],
    
      "6 Kitchen":
      [50.93612,-1.39786],
    
      "2A Main":
      [50.93642,-1.39772],
    
      "2A Interchange":
      [50.93632,-1.39741],
    
      "2 Management":
      [50.93645,-1.39787],
    
      "2 Music":
      [50.93602,-1.39818],
    
      "2 Lower ground":
      [50.93582,-1.39822],
    
      "58 Car park":
      [50.9365,-1.39895],
    
      "58 Salisbury Road":
      [50.93676,-1.39849],
    
      "58 Side":
      [50.93666,-1.39902],
    
      "58 ISS Computer Workstations":
      [50.93645,-1.39834],
    
      "54 Car park":
      [50.9363,-1.39899],
    
      "58A Reception":
      [50.93688,-1.39791],
    
      "53 Salisbury road":
      [50.93743,-1.39805],
    
      "53 Banks":
      [50.93755,-1.39799],
    
      "59 Side":
      [50.93713,-1.39771],
    
      "42 Concourse":
      [50.93443,-1.39741],
    
      "42 Piazz@soton":
      [50.93443,-1.39724],
    
      "42 Piazz":
      [50.93435,-1.39696],
    
      "42 Cafe":
      [50.93453,-1.39758],
    
      "44 East":
      [50.93449,-1.39856],
    
      "44 South":
      [50.9342219,-1.3989207],
    
      "44 West":
      [50.9347,-1.39915],
    
      "44 North":
      [50.9348239,-1.398864],
    
      "44 North":
      [50.93463,-1.39865],
    
      "29 East":
      [50.93389,-1.39383],
    
      "29 West":
      [50.934,-1.39419],
    
      "30 Main":
      [50.93413,-1.39454],
    
      "27 Main":
      [50.93433,-1.39405],
    
      "27 Side":
      [50.9345,-1.3934],
    
      "25 Front":
      [50.93472,-1.39318],
    
      "25 Back":
      [50.93487,-1.39364],
    
      "25 Design Studio":
      [50.93472,-1.39338],
    
      "25 Cryogenics":
      [50.9349,-1.39315],
    
      "7 Main":
      [50.93523,-1.39388],
    
      "7 Stairwell":
      [50.93549,-1.39451],
    
      "54 Level 4":
      [50.93605,-1.39871],
    
      "56 Main":
      [50.93612,-1.39863],
    
      "60 Offices":
      [50.93766,-1.39818],
    
      "60 Residents":
      [50.93777,-1.39695]
}