{    
      "SUSU Cafe ATM": 
      [50.934623, -1.396971],
    
      "SUSU Shop ATM": 
      [50.934424, -1.397196]
    
}