{    
      "Cafe 58": 
      [50.936631, -1.398617],
    
      "Turner Sims Bar": 
      [50.935874, -1.398811],
      "Gower": 
      [50.937801, -1.397534],
      "Interchange Cafe": 
      [50.936340, -1.397191],
      "Theatre Bar": 
      [50.936029, -1.397233],
      "Staff Social Centre": 
      [50.935346, -1.397201],
      "Piazza Restaurant & Starbucks": 
      [50.934276, -1.397235],
      "Cafe 85": 
      [50.936463, -1.395239],
      "Library Cafe": 
      [50.935036, -1.395765]
    
}