{    
      "32South": 
      [50.93606,-1.39594],
    
      "32 Back": 
      [50.93641,-1.39574],
    
      "85 Latte's": 
      [50.9364,-1.39561],
    
      "85 Reception": 
      [50.93616,-1.39505],
    
      "32 North": 
      [50.9368,-1.39607],
    
      "67 Reception": 
      [50.93674,-1.39648],
    
      "6 Interchange": 
      [50.93613,-1.39745],
    
      "6 Obelisk": 
      [50.93596,-1.39755],
    
      "4 Obelisk": 
      [50.93581,-1.39778],
    
      "6 Kitchen": 
      [50.93612,-1.39786],
    
      "2A Main": 
      [50.93642,-1.39772],
    
      "2A Interchange ": 
      [50.93632,-1.39741],
    
      "2 Management": 
      [50.93645,-1.39787],
    
      "58 Car Park": 
      [50.9365,-1.39895],
    
      "58 Side": 
      [50.93666,-1.39902],
    
      "58 ISS": 
      [50.93645,-1.39834],
    
      "54 Car Park": 
      [50.9363,-1.39899],
    
      "58A Reception": 
      [50.93688,-1.39791],
    
      "53 Sailsbury Road": 
      [50.93743,-1.39805],
    
      "53 Banks": 
      [50.93755,-1.39799],
    
      "59 Side": 
      [50.93713,-1.39771],
    
      "42 Concourse": 
      [50.93443,-1.39741],
    
      "42 Pizza@Soton": 
      [50.93443,-1.39724]}